File,I(600V),I(800V),I(1000V),DepV,I(DepV)
N4789_21_UR_DIODE_GR_Irradiated_60C_0min,-0.0001577837,-0.0001886297,-0.0002489174,1000,0.0003043101
N4789_21_UR_DIODE_GR_Irradiated_60C_10min,-0.0001605712,-0.0001989422,-0.0002724847,1000,0.0002724847
N4789_21_UR_DIODE_GR_Irradiated_60C_20min,-0.0001580603,-0.0001982602,-0.0002750588,1000,0.0002750588
N4789_21_UR_DIODE_GR_Irradiated_60C_30min,-0.0001542145,-0.0001909719,-0.0002617772,1000,0.0002617772
N4789_21_UR_DIODE_GR_Irradiated_60C_40min,-0.0001487571,-0.0001825792,-0.0002473023,1000,0.0002473023
