File,I(600V),I(800V),I(1000V),DepV
34341_012_PSS_HM_XX_DIODE,-5.155961e-07,-1.065442e-06,-2.222744e-06,582.3232323232323
34341_012_PSS_HM_XX_DIODEHALF,-1.933719e-06,-2.483665e-06,-2.762065e-06,515.1515151515152
34341_012_PSS_HM_XX_DIODEHALFPSTOP,-2.031372e-06,-2.58393e-06,-2.947118e-06,1000.0
34341_012_PSS_HM_XX_DIODEHALFPSTOP_GR,-1.063322e-06,-1.401542e-06,-1.701254e-06,511.6161616161616
34341_012_PSS_HM_XX_DIODEQUARTER,-3.610157e-09,-4.207345e-09,-4.790787e-09,543.4343434343434
34341_012_PSS_XX_HM_IRRRADSENSOR_20min,-2.77e-05,-3.203e-05,-3.553e-05,1000.0
