File,I(600V),I(800V),I(1000V),DepV,I(DepV)
N4789_21_LL_DIODEQIARTER_GR_Irradiated_60C_20min,-1.17652e-05,-1.361893e-05,-1.611662e-05,1000,1.611662e-05
N4789_21_LL_DIODEQUARTER_GR_Irradiated_60C_0min,-1.310616e-05,-1.522222e-05,-1.798702e-05,1000,1.798702e-05
N4789_21_LL_DIODEQUARTER_GR_Irradiated_60C_10min,-1.251052e-05,-1.446944e-05,-1.702291e-05,1000,1.702291e-05
N4789_21_LL_DIODEQUARTER_GR_Irradiated_60C_30min,-1.149432e-05,-1.330107e-05,-1.580041e-05,1000,1.580041e-05
N4789_21_LL_DIODEQUARTER_GR_Irradiated_60C_40min,-1.118173e-05,-1.297322e-05,-1.548284e-05,1000,1.548284e-05
