Annealing Temperature,Exponential Scale Factor
100,1.04176592
90,0.28196561
80,0.11648125
70,3.09580203e-02
60,1.40045378e-02
50,7.17896727e-03
40,2.26211801e-03
