File,I(600V),I(800V),I(1000V),DepV,I(DepV)
N4789_21_UR_DIODEQUARTER_GR_Irradiated_60C_0min,-1.062321e-05,-1.248756e-05,-1.561787e-05,1000,1.561787e-05
N4789_21_UR_DIODEQUARTER_GR_Irradiated_60C_10min,-1.059167e-05,-1.247962e-05,-1.570734e-05,1000,1.570734e-05
N4789_21_UR_DIODEQUARTER_GR_Irradiated_60C_20min,-1.02751e-05,-1.213554e-05,-1.527985e-05,1000,1.527985e-05
N4789_21_UR_DIODEQUARTER_GR_Irradiated_60C_30min,-1.006622e-05,-1.193213e-05,-1.503804e-05,1000,1.503804e-05
N4789_21_UR_DIODEQUARTER_GR_Irradiated_60C_40min,-9.958884e-06,-1.177654e-05,-1.492966e-05,1000,1.492966e-05
