Temperature (C),Delta Time (s)
-23,354.8099999
4.00E+01,96.46000004
6.00E+01,117.8200002
80,141.7999997
100,122.3000002
120,101.6199999