File,I(600V),I(800V),I(1000V),DepV,I(DepV)
N4789_21_LL_DIODE_GR_Irradiated_60C_0min,-0.0002042918,-0.0002510252,-0.000325152,539.2592592592592,0.00019233757407407408
N4789_21_LL_DIODE_GR_Irradiated_60C_10min,-0.000202119,-0.0002483447,-0.0003210017,300.0,0.0001393118
N4789_21_LL_DIODE_GR_Irradiated_60C_20min,-0.0001859197,-0.0002269356,-0.000295832,465.065065065065,0.00016281714444444444
N4789_21_LL_DIODE_GR_Irradiated_60C_30min,-0.000178066,-0.0002172822,-0.0002775854,453.83383383383386,0.00015664029694694695
N4789_21_LL_DIODE_GR_Irradiated_60C_40min,-0.0001779304,-0.0002155922,-0.0002744001,414.01401401401404,0.00015051803203203204
