File,I(600V),I(800V),I(1000V),DepV,I(DepV)
N4789_21_LL_DIODE_GR_Irradiated_60C_0min,-0.0002042918,-0.0002510252,-0.000325152,575.3153153153153,0.0001992918554054054
N4789_21_LL_DIODE_GR_Irradiated_60C_10min,-0.000202119,-0.0002483447,-0.0003210017,466.966966966967,0.00017673189504504506
N4789_21_LL_DIODE_GR_Irradiated_60C_20min,-0.0001859197,-0.0002269356,-0.000295832,447.80780780780776,0.00016006353333333334
N4789_21_LL_DIODE_GR_Irradiated_60C_30min,-0.000178066,-0.0002172822,-0.0002775854,412.13213213213214,0.00015017974774774774
N4789_21_LL_DIODE_GR_Irradiated_60C_40min,-0.0001779304,-0.0002155922,-0.0002744001,404.86486486486484,0.00014923710540540539
N4789_21_LL_DIODE_GR_Irradiated_60C_50min,-0.0001374088,-0.0001709147,-0.0002263731,412.13213213213214,0.00011490076576576577
N4789_21_LL_DIODE_GR_Irradiated_60C_60min,-0.0001700443,-0.000203266,-0.0002524671,434.9249249249249,0.0001477946551051051
N4789_21_LL_DIODE_GR_Irradiated_60C_70min,-0.0001511004,-0.0001817093,-0.0002290913,404.2042042042042,0.00012676686726726728
