File,I(600V),I(800V),I(1000V),DepV,I(DepV)
37896_048_PSS_HM_XX_IRRADSENSOR,-2.43e-09,-2.61e-09,-2.85e-09,245.8858858858859,2.0770870870870735e-09
